Workbook

Sheet Summary
A1: ComplianceIQ — PwC Agentic AI Capstone Rubric Assessment
A2: Project: ComplianceIQ — AI-Driven Multi-Agent Regulatory Compliance System
A4: Metric | B4: Value | C4: Awarded
A5: Total Maximum Points (incl. bonus) | B5: =B12 -> 125
A6: Awarded Points (incl. bonus) | B6: =C12 -> 108.5
A7: Code & Engineering (criteria 1-2) | B7: =SUMIFS(Detail!E:E,Detail!H:H,"Code") -> 20 | C7: =SUMIFS(Detail!F:F,Detail!H:H,"Code") -> 20
A8: Document & Data Pipeline (criteria 4-6) | B8: =SUMIFS(Detail!E:E,Detail!H:H,"Data") -> 30 | C8: =SUMIFS(Detail!F:F,Detail!H:H,"Data") -> 29
A9: Agents & Workflow (criteria 7-9) | B9: =SUMIFS(Detail!E:E,Detail!H:H,"Agents") -> 30 | C9: =SUMIFS(Detail!F:F,Detail!H:H,"Agents") -> 23
A10: Operability & Quality (criteria 3, 10-13) | B10: =SUMIFS(Detail!E:E,Detail!H:H,"Ops") -> 40 | C10: =SUMIFS(Detail!F:F,Detail!H:H,"Ops") -> 31.5
A11: Bonus Enhancements (criterion 14) | B11: =SUMIFS(Detail!E:E,Detail!H:H,"Bonus") -> 5 | C11: =SUMIFS(Detail!F:F,Detail!H:H,"Bonus") -> 5
A12: Total | B12: =SUM(B7:B11) -> 125 | C12: =SUM(C7:C11) -> 108.5
A14: Rating bands
A15: Excellent (90-100%)
A16: Good (75-89%)
A17: Satisfactory (50-74%)
A18: Needs Improvement (<50%)
A21: Strengths (where the project is Excellent)
A22: • Clean layered architecture with single-responsibility modules under src/complianceiq/.
A23: • Pydantic v2 schemas enforced at every agent and inter-stage boundary; zero copy-paste across components.
A24: • Full-lifecycle document processing with tunable chunking and silent-failure-free DOCX/PDF loaders.
A25: • ChromaDB cosine-similarity vector store with metadata-filtered search (doc_type + domain) and graceful any-domain fallback.
A26: • Deterministic, severity-weighted scoring in pure Python — auditor-defensible and reproducible at temperature=0.
A27: • End-to-end Langfuse tracing with run_id + agent_name span hierarchy; immutable audit_log.jsonl as a fail-open backup.
... A40: • Track custom quality scores (eval-style) in Langfuse so prompts can be A/B tested (criterion 10).

Sheet Detail
A1: Criterion | B1: Rubric requirement (Excellent definition) | C1: Max | D1: Awarded | E1: Score | F1: Awarded (calc) | G1: Level | H1: Bucket | I1: Evidence in code / repo | J1: Gaps vs 'Excellent' | K1: Recommendation to lift the score
A2: 1. Code Readability & Organization | B2: Single-responsibility functions, consistent naming, logical sequencing. Markdown docs sufficient for onboarding without walkthrough. | C2: 10 | D2: 10 | E2: =C2 -> 10 | F2: =D2 -> 10 | G2: Excellent | H2: Code | I2: Strict layered package src/complianceiq/{ingestion,vectorstore,agents,orchestration,graph,observability,reporting,dashboard}; small, focused modules; consistent snake_case; README, PRD, ADD all in repo. | J2: Minimal — README is comprehensive; ADD documents every module. | K2: Add a CONTRIBUTING.md and one architectural overview image inline in README for onboarding.
A3: 2. Code Reusability & Modularity | B3: Well-timed abstractions. Shared utilities (API wrappers, parsers, agent patterns) factored out. Zero copy-paste across components. | C3: 10 | D3: 10 | E3: =C3 -> 10 | F3: =D3 -> 10 | G3: Excellent | H3: Code | I3: agents/base.BaseAgent shared by all three agents (chain construction, callback wiring, run_id propagation); load_requirements + write_jsonl helpers; centralized Pydantic schemas in models.py; embedding wrapper reused by both Chroma collections. | J3: Minor — could extract a shared retry decorator. | K3: Add a small utils/retry.py wrapping tenacity and reuse across agents and ingestion.
A4: 3. Error Handling & Failure Recovery | B4: Closed-loop recovery: detect → diagnose → select strategy (backoff, fallback model, cache, degrade gracefully) → log outcome. | C4: 10 | D4: 8.5 | E4: =C4 -> 10 | F4: =D4 -> 8.5 | G4: Good | H4: Ops | I4: Gap Detector writes incrementally + 'will retry on resume' logic; loader try/except with .exception logging; fail-open Langfuse; empty-retrieval fallback to any-domain policy search in gap_detector.py. | J4: No explicit exponential-backoff wrapper (relies on OpenAI SDK defaults); no fallback to a different model on persistent failure; no diagnostic correlation_id beyond run_id. | K4: Wrap LLM calls in tenacity (retry + exponential backoff with jitter); add a model-tier fallback (gpt-4o-mini → gpt-4o) on persistent ValidationError; emit structured failure events to audit_log.
A5: 4. Document Processing & Text Extraction | B5: Full lifecycle: ingest, clean, chunk, tag metadata. Chunk size/overlap tuned. Handles malformed docs without silent failure. | C5: 10 | D5: 10 | E5: =C5 -> 10 | F5: =D5 -> 10 | G5: Excellent | H5: Data | I5: ingestion/{pdf_loader,docx_loader,chunker,domain_inference,extractor,pipeline}.py; CHUNK_SIZE=1000 / CHUNK_OVERLAP=200 / MIN_CHUNK_CHARS=60 (tunable via env); domain tagged on every chunk; logger.exception on parse failure (no silent failures). | J5: Could probe section-aware chunking (heading-based) for regulatory PDFs. | K5: Add a heading-aware chunker variant for IRDAI/MAS PDFs; surface per-document parse stats in audit_log.
A6: 5. Named Entity Recognition & Domain Extraction | B6: Domain-specific entities beyond generic NER. Typed, deduplicated, linked to source spans. | C6: 10 | D6: 9 | E6: =C6 -> 10 | F6: =D6 -> 9 | G6: Excellent | H6: Data | I6: Requirement, RegulationSummary, Gap models capture domain-typed fields (mandatory_action, evidence_needs, severity, regulation_text, source_file, location); CoverageQuality and Domain enums; deduplication via deterministic IDs. | J6: No explicit clause-id / cross-reference normalization (e.g., 'Reg 4(2)(a)' parsed into a structured ref). | K6: Add a ClauseRef extractor that parses regulation citations into a structured (article, sub-clause, page) tuple; deduplicate on this canonical form.
A7: 6. Vector Store & Retrieval Grounding | B7: Appropriate embedding model + similarity metric. Metadata-filtered search. Validated top-k relevance. LLM claims traceable to source chunks. | C7: 10 | D7: 10 | E7: =C7 -> 10 | F7: =D7 -> 10 | G7: Excellent | H7: Data | I7: OpenAI text-embedding-3-small; cosine via 'hnsw:space': 'cosine'; metadata-filtered where={doc_type, domain} in gap_detector.find_policy_matches; Gap prompt includes verbatim excerpts with source_file + location + distance — every LLM judgment is grounded. | J7: No explicit re-ranker (e.g., bge-reranker) on top-k results. | K7: Add an optional re-ranker stage between similarity_search and the prompt for higher precision.
A8: 7. Agent Building & Integration | B8: Clear mandate per agent, Pydantic contracts, decomposes complex queries. Tool selection intent-driven. Memory strategy. Confidence quantified and propagated. | C8: 10 | D8: 8 | E8: =C8 -> 10 | F8: =D8 -> 8 | G8: Good | H8: Agents | I8: Three single-responsibility agents (Regulation Monitor, Gap Detector, Policy Analyzer); Pydantic-validated structured output via with_structured_output(schema); agent-specific prompts in prompts.py; run_id propagation. | J8: No explicit confidence scoring on outputs; no adaptive sub-task decomposition (sequence is fixed); no memory layer (agents are stateless). | K8: Add 'confidence: float in [0,1]' to GapAssessment and CoverageAssessment schemas; propagate into the dashboard severity filter and into the Remediation prioritizer.
A9: 8. Multi-Agent Orchestration | B9: Agents composed, not just sequenced. Coordination pattern (parallel, consensus, delegation) fits the problem. Conflicts reconciled. Per-agent token/cost attribution. | C9: 10 | D9: 7.5 | E9: =C9 -> 10 | F9: =D9 -> 7.5 | G9: Good | H9: Agents | I9: ComplianceWorkflow runs the three agents in audit-tagged sequence; per-agent audit log entries with payload counts; Langfuse spans tagged with agent_name for cost attribution. | J9: Sequential only (no parallelism, no consensus, no delegation); no conflict-reconciliation strategy (e.g., when Gap Detector and Policy Analyzer disagree on a domain's coverage). | K9: Parallelize Gap Detector with asyncio over the requirement set (semaphore=8); add a Reconciler step that flags items where Policy Analyzer's domain summary contradicts the per-gap call.
A10: 9. Workflow & State Management | B10: Conditional routing on content/risk/confidence. Human-in-the-loop where stakes warrant. Fallback paths. State transitions explicit and auditable. | C10: 10 | D10: 7.5 | E10: =C10 -> 10 | F10: =D10 -> 7.5 | G10: Good | H10: Agents | I10: Linear pipeline with explicit JSONL state at every stage; --skip-summaries / --domain / --limit conditional knobs; fallback retrieval on empty-results; audit_log.jsonl makes every transition auditable. | J10: No risk- or confidence-based routing; no HITL approval gate before remediation_plan publication; no degraded-operation path that runs without ChromaDB. | K10: Add a HITL gate that pauses orchestrate before write of remediation_plan.jsonl when overall_score drops below configurable threshold; add a 'no-vector-store' degraded mode that uses keyword search.
A11: 10. Observability & Cost-Latency Design | B11: End-to-end Langfuse traces with span hierarchy. Per-agent attribution. Custom quality scores. Cost-latency tradeoffs deliberate (model tiering, caching, batch with documented rationale). | C11: 10 | D11: 8 | E11: =C11 -> 10 | F11: =D11 -> 8 | G11: Good | H11: Ops | I11: Langfuse CallbackHandler attached in BaseAgent; run_id + agent_name tags on every span; cost & token captured by Langfuse; assessment_history.jsonl + history --compare for trend tracking. | J11: Single model everywhere (gpt-4o-mini); no eval-style quality scores tagged on traces; no explicit caching policy beyond ChromaDB embedding reuse; no batch API usage. | K11: Add model tiering (gpt-4o on high-severity uncertain gaps); attach Langfuse score() calls with the deterministic compliance_score; add an in-memory LRU cache around embed_query for repeated requirements.
A12: 11. Accuracy & Trustworthiness | B12: Zero hallucinated facts. Grounding enforced, schemas constrain generation, confidence gates low-certainty outputs. Eval dataset validates quality. | C12: 10 | D12: 7.5 | E12: =C12 -> 10 | F12: =D12 -> 7.5 | G12: Good | H12: Ops | I12: Grounding always-on (Gap Detector prompt embeds retrieved excerpts); Pydantic schemas at the LLM boundary; deterministic Python scoring removes LLM judgment from the headline metric; temperature=0. | J12: No golden-pair benchmark; no confidence gates; no SME-validated regression suite. | K12: Build tests/eval/golden_gaps.jsonl with 20-50 SME-labelled (requirement, expected_coverage, expected_severity); add a pytest that asserts recall >= 0.9 on the set; CI fails if a prompt change drops the metric.
A13: 12. Deployment & Scalability | B13: FastAPI endpoints tested. Config externalized. Batch + cache reduce redundant LLM calls. Handles realistic workloads. | C13: 5 | D13: 3.5 | E13: =C13 -> 5 | F13: =D13 -> 3.5 | G13: Satisfactory | H13: Ops | I13: Config externalized via .env / config.py; Dockerfile and Fargate topology documented in ADD; ChromaDB caches embeddings across runs; --limit/--domain enable partial workloads; idempotent JSONL writes. | J13: No FastAPI layer (only Gradio + CLI); no LLM response cache; no batched embeddings beyond what the OpenAI SDK does internally. | K13: Add src/complianceiq/api/ with a FastAPI app exposing POST /assess, GET /score, GET /gaps, GET /report; add an in-process LLM cache keyed on (model, prompt_hash).
... A15: 14. Unique Enhancements / Additional Features (Bonus) | B15: Substantive feature beyond requirements: knowledge graphs, predictive analytics, custom eval, novel coordination, or domain innovation. | C15: 5 | D15: 5 | E15: =C15 -> 5 | F15: =D15 -> 5 | G15: Excellent | H15: Bonus | I15: NetworkX knowledge graph (regulation→requirement→policy) with GraphML/JSON persistence and visualizations (heatmap + per-domain coverage chart) — explicitly named in the rubric as a substantive enhancement; deterministic severity-weighted scoring; resume-on-failure pattern; assessment_history snapshotting; DOCX report generator; AuditLogger with WORM-friendly append-only JSONL. | J15: — | K15: Add a 'predictive' enhancement next: a small classifier (or rule-set) that flags which historical gaps usually recur after remediation.
A16: TOTAL | C16: =SUM(C2:C15) -> 125 | D16: =SUM(D2:D15) -> 108.5 | E16: =SUM(E2:E15) -> 125 | F16: =SUM(F2:F15) -> 108.5
A17: PERCENTAGE | D17: =D16/C16 -> 0.868

Sheet Action_Plan
A1: Action Plan to Achieve a Perfect Score
A3: # | B3: Action | C3: Lifts criterion | D3: Effort | E3: Estimated point gain | F3: Owner
A4: 1 | B4: Add a small FastAPI app exposing /assess /score /gaps /report; reuse the same workflow. | C4: 12 Deployment & Scalability | D4: M | E4: +1.5 | F4: Backend Eng
A5: 2 | B5: Wrap OpenAI calls in tenacity with exp-backoff; add gpt-4o fallback after N consecutive ValidationErrors. | C5: 3 Error Handling | D5: S | E5: +1.0 | F5: AI Eng
A6: 3 | B6: Add 'confidence' float to GapAssessment / CoverageAssessment; propagate into Remediation prioritizer. | C6: 7 Agent Building, 9 Workflow | D6: S | E6: +1.5 | F6: AI Eng
A7: 4 | B7: Build tests/eval/golden_gaps.jsonl with 20-50 SME-labelled cases; CI assertion on recall >= 0.9. | C7: 11 Accuracy & Trustworthiness | D7: M | E7: +2.0 | F7: AI Eng + SME
A8: 5 | B8: Parallelize Gap Detector with asyncio + semaphore=8; add per-batch cost log. | C8: 8 Multi-Agent Orchestration | D8: M | E8: +1.5 | F8: AI Eng
A9: 6 | B9: Implement model tiering — gpt-4o on high-severity ambiguous cases; document rationale in ADR. | C9: 10 Observability & Cost-Latency | D9: M | E9: +1.0 | F9: AI Architect
A10: 7 | B10: Add LRU cache around embed_query and a prompt-hash LLM cache to skip duplicate calls. | C10: 10 Cost-Latency, 12 Deployment | D10: S | E10: +1.0 | F10: AI Eng
A11: 8 | B11: Add HITL gate before remediation_plan write when overall_score drops below configurable threshold. | C11: 9 Workflow & State Management | D11: S | E11: +1.0 | F11: AI Eng + Ops
A12: 9 | B12: Add Gradio Upload tab with gr.File() for live policy ingestion + progress indicator. | C12: 13 UI & Usability | D12: S | E12: +0.5 | F12: Backend Eng
A13: 10 | B13: Tag Langfuse traces with score() calls referencing the deterministic compliance_score per run. | C13: 10 Observability | D13: S | E13: +0.5 | F13: MLOps
A14: 11 | B14: Add structured ClauseRef extractor (article + sub-clause + page) for regulation citations. | C14: 5 NER / Domain Extraction | D14: M | E14: +0.5 | F14: AI Eng
A15: 12 | B15: Add an LLM-based re-ranker (or bge-reranker) on top-k retrieval before prompting. | C15: 6 Vector Store & Retrieval | D15: M | E15: +0.0 (already 10) | F15: AI Eng
